<?xml version="1.0" encoding="UTF-8"?>
<!DOCTYPE hibernate-mapping PUBLIC
	"-//Hibernate/Hibernate Mapping DTD 3.0//EN"
	"http://hibernate.sourceforge.net/hibernate-mapping-3.0.dtd">

<hibernate-mapping package="cn.lry.domains">

<class name="Admin" table="admin">

<id name="id">
<column name="ADMIN_ID"/>
<!--identity :由底层数据库生成标识符，但这个主键必须设置为自增长-->
	<generator class="assigned"/>
</id>

<property name="name" not-null="true">
<column name="ADMIN_NAME" length="20"/>
</property>

<property name="pwd" not-null="true">
<column name="ADMIN_PWD" length="40"/>
</property>

</class>

</hibernate-mapping>