<?xml version="1.0" encoding="UTF-8"?>
<!DOCTYPE hibernate-mapping PUBLIC
	"-//Hibernate/Hibernate Mapping DTD 3.0//EN"
	"http://hibernate.sourceforge.net/hibernate-mapping-3.0.dtd">

<hibernate-mapping package="cn.lry.domains">

<class name="Student" table="Stus">

<id name="id" length="8">
<column name="STU_ID"/>
<!--identity :由底层数据库生成标识符，但这个主键必须设置为自增长-->
	<generator class="assigned"/>
</id>

<property name="name" not-null="true">
<column name="STU_NAME" length="20"/>
</property>

<property name="pwd" not-null="true">
<column name="STU_PWD" length="40"/>
</property>

<property name="academy">
<column name="STU_ACADEMY" length="20"/>
</property>

<property name="classNum">
<column name="STU_CLASS" sql-type="INT" length="4"/>
</property>

<set name="courses" table="cours_stus" 
		access="property" lazy="false" inverse="true"  cascade="save-update">
	<key column="STUDENT_ID"/>
	<many-to-many class="Course" column="COURSE_ID"/>
</set>

</class>

</hibernate-mapping>