<?xml version="1.0" encoding="UTF-8"?>
<!DOCTYPE hibernate-mapping PUBLIC
	"-//Hibernate/Hibernate Mapping DTD 3.0//EN"
	"http://hibernate.sourceforge.net/hibernate-mapping-3.0.dtd">

<hibernate-mapping package="cn.lry.domains">

<class name="Course" table="Cours">

<id name="id">
<column name="COUR_ID"/>
<!--identity :由底层数据库生成标识符，但这个主键必须设置为自增长-->
	<generator class="assigned"/>
</id>

<property name="name" not-null="true">
<column name="COUR_NAME" length="20"/>
</property>

<property name="cType" not-null="true">
<column name="COUR_TYPE" length="10"/>
</property>

<property name="cTeachName" not-null="true">
<column name="COUR_TEACH_NAME" length="10"/>
</property>

<property name="cPlace" not-null="true">
<column name="COUR_PLACE" length="10"/>
</property>

<property name="cHours" not-null="true" type="integer">
<column name="COUR_HOURS" length="8"/>
</property>

<property name="cCredit" not-null="true" type="integer">
<column name="COUR_CREDIT" length="8"/>
</property>

<!-- access="property" lazy="true" inverse="true" 
        batch-size="10" fetch="select" -->
<set name="stus" table="cours_stus" 
		access="property" lazy="false" inverse="false" cascade="save-update" >
	<key column="COURSE_ID"/>
	<many-to-many class="Student" column="STUDENT_ID"/>
</set>

</class>

</hibernate-mapping>