<?xml version="1.0" encoding="UTF-8"?>
<!DOCTYPE hibernate-mapping PUBLIC
	"-//Hibernate/Hibernate Mapping DTD 3.0//EN"
	"http://hibernate.sourceforge.net/hibernate-mapping-3.0.dtd">

<hibernate-mapping package="cn.lry.domains">

<class name="Student" table="Stus">

<id name="stuId" length="8">
<column name="STU_ID"/>
<!--identity :由底层数据库生成标识符，但这个主键必须设置为自增长-->
	<generator class="foreign">
    	<param name="property">person</param>
    </generator>
</id>

<property name="stuSex">
	<column name="STU_SEX" length="8"/>
</property>

<property name="stuDim">
	<column name="STU_DIM" length="40"/>
</property>

<property name="stuMajor">
	<column name="STU_MAJOR" length="40"/>
</property>

<property name="stuCollege">
	<column name="STU_COLLEGE" length="40"/>
</property>

<property name="stuClass">
	<column name="STU_CLASS" sql-type="INT" length="4"/>
</property>

<one-to-one name="person" constrained="true"
         class="cn.lry.domains.Person">
</one-to-one>

<set name="courses" table="cours_stus" 
		access="property" lazy="false" inverse="true"  cascade="save-update">
	<key column="STUDENT_ID"/>
	<many-to-many class="Course" column="COURSE_ID"/>
</set>

</class>

</hibernate-mapping>